{
	"main_script": "usc_biodigital.js",
	"icon": "usc_biodigital.png",
	"width": 600,
	"height": 1000,
	"resize": "free",
	"animation": false,
	"dependencies": [
	],
	"load": {
		"value": "https://human.biodigital.com/widget/?be=1xL9&pre=false&background=255,255,255,51,64,77",
		"dk": "ae484d517dfdb73aa39b089e0e9f30ff5a1492bb",
		"quizName": "quiz_anterior"
	},
	"title": "usc_biodigital",
	"version": "1.0.6",
	"description": "SAGE2 application usc_biodigital",
	"keywords": [ "sage2", "usc_biodigital" ],
	"author": "Mark Utting <utting@usc.edu.au>, Levi Kotzur <lkotzur@usc.edu.au>, Svetlana Mandler",
	"license": "SAGE2-Software-License"
}
