{ 	"name": "Posterior Quiz", 
	"author": "Lee Daffin", 
	"copyright": "USC 2017", 
	"model": "https://human.biodigital.com/widget/?be=1xL4&pre=false&background=255,255,255,51,64,77&dk=",
	"fontsize": 20, 
	"window": 0.35, 
	"number": 7,
	"questions":[
	    { "name": "Right scapula" },
	    { "name": "Right ischium" },
	    { "name": "Left sciatic nerve" },
	    { "name": "Left deltoid" },
	    { "name": "Left extensor digitorum" },
	    { "name": "Right gluteus medius" },
	    { "name": "Right ulnar nerve" }
	],
	"timeLimitMin": 10
}
