{ 	"name": "Anterior Quiz", 
	"author": "Lee Daffin", 
	"copyright": "USC 2017", 
	"model": "https://human.biodigital.com/widget/?be=1xL9&pre=false&background=255,255,255,51,64,77&dk=",
	"fontsize": 20, 
	"window": 0.35, 
	"number": 7,
	"questions":[
	    { "name": "Right rectus femoris" },
	    { "name": "Right tibialis anterior" },
	    { "name": "Right orbicularis oculi" },
	    { "name": "Left radius" },
	    { "name": "Left femur" },
	    { "name": "Left interosseous membrane of leg" },
	    { "name": "Left biceps brachii" }
	] ,
	"timeLimitMin": 10
}
